ISBN, Title, Author, Year
f80c1e28-44d2,Book23,유설화,1998
ad2e8530-90a7,Book10,유선영,1987
50a0ca49-1c66,Book69,최가영,1983
a5d649b5-9bcc,Book71,강설화,2013
6e689a1a-53fa,Book32,나미진,1956
2dbbb0c1-ab58,Book12,이미진,1951
a4b3b59f-45ef,Book19,김진우,1990
93d241c7-bebd,Book21,국다영,2012
b3159229-4c3c,Book2,국선영,1961
cb921620-148e,Book2,나승현,1983
ef777e7f-a2dc,Book7,강설화,1953
d3355c8a-af39,Book48,국다영,1973
5a77338b-d66b,Book74,김태연,1974
aecece10-ee61,Book25,김진우,1967
6cfe1a2e-9ef4,Book25,나가영,1964
0e648c74-3ba6,Book51,유미진,2004
798db481-c820,Book51,유영호,1952
2cb70233-e030,Book30,강미진,2018
0a812a47-02c3,Book72,이종철,2014
c34cccbb-a25d,Book8,박태연,1989
715226f9-4298,Book4,최다영,2019
1e9f0cf0-50ca,Book24,나태연,1999
e3a1b34c-638d,Book47,최철수,1983
fe84e6ab-051d,Book11,이종철,2012
7a3567ba-5182,Book95,박선영,2018
28863926-d21e,Book44,유영수,1987
c15160ac-0e8c,Book81,최진우,1957
fbb4f581-2b0e,Book76,강훈영,2018
43ac5ab2-e512,Book42,나종철,1965
ed95ab69-a6aa,Book6,유나영,1977
203f406a-b14e,Book83,강승현,1984
66e5bd46-617c,Book25,강설화,1992
cd35eef4-c97a,Book81,김영호,2023
46d985dc-8afc,Book56,강진우,1989
49599db5-7f85,Book89,박설화,1951
be229f9d-59a6,Book64,유진우,1983
37debf04-55fd,Book44,이다영,1966
599335bf-6197,Book50,유철수,2008
0a6d7563-0b37,Book64,최훈영,1973
e6136146-88f9,Book4,최훈영,1989
afc8a762-46d8,Book77,최훈영,1961
0dfcda3b-2106,Book4,최승현,1983
e9cde83c-0139,Book88,박영수,1996
456b9b5a-4a99,Book80,박훈영,1965
a5b74d1f-bd0e,Book71,최영호,2005
d23128d2-f1a2,Book46,박선영,1967
6cffa563-5095,Book18,유미진,2000
a605c5a3-4ff6,Book13,이선영,2010
b960167c-3536,Book35,최진우,2000
40caa2fc-9900,Book10,강다영,2000
94337606-63b2,Book15,나가영,2008
74c5f0ce-9a83,Book24,최가영,2017
e588c823-8489,Book2,유선영,1963
0997eba7-a5a9,Book72,국종철,2007
60502d61-184e,Book98,박나영,1984
664491da-68c6,Book92,박나영,2014
b8a11297-441b,Book91,이가영,1994
626e44c8-7646,Book63,박영호,2006
176dc741-e2d7,Book64,최나영,1964
9c7839f1-a3ab,Book27,유승현,1987
883dfa03-29e4,Book41,나승현,1995
df018df7-cc21,Book6,국영수,1999
d759e891-2fc6,Book83,박진우,2007
c5fd6354-6713,Book77,박나영,1998
28694c49-3425,Book38,최영호,1957
9029d4f6-ed93,Book3,나미진,2000
2c597fa2-775f,Book81,유설화,2022
c439bbfc-3fb0,Book63,강가영,1984
9dea2cba-f874,Book52,김영호,2012
ed9230b3-1e58,Book48,박태연,1986
4b48173c-be32,Book97,박다영,1954
7ac41686-4192,Book8,박태연,1984
ac83d73f-294a,Book87,김훈영,1951
612aa2be-c07c,Book50,김철수,1997
a1cef1dd-b691,Book30,최선영,1974
b4e5f21d-f2e2,Book70,국선영,1959
939c9e3a-b267,Book52,강종철,2004
c51294b3-787a,Book76,강진우,1974
ce6e6979-f4a1,Book64,이가영,2004
619a1354-ebb6,Book8,최영호,1975
b134bf55-e898,Book99,박훈영,1959
c33525bf-d8b6,Book7,나영호,2020
41180247-a6d7,Book53,국선영,2006
ae822d64-043d,Book32,이종철,2007
fda0dbcc-51fa,Book84,유철수,1970
49ac3ab2-a64f,Book40,강영호,1996
df5ef476-3d96,Book17,강종철,1995
030a852f-70bb,Book98,강태연,1956
b64561f1-0598,Book36,박영수,1955
603b096d-5663,Book56,유종철,1964
39673dbe-d879,Book80,국훈영,2020
f36a68f2-4cb9,Book83,유영수,1995
37b5e79e-7cbf,Book28,이설화,1954
0c25ce89-eefb,Book13,국다영,1981
2c308804-7554,Book91,박나영,1955
c432cca3-74cb,Book18,이영호,2016
2a693e43-4302,Book16,최진우,1955
376ff54c-d18c,Book67,김승현,1987
41cc2000-42f4,Book30,이선영,1980
203cd293-c1af,Book57,이설화,1961
